"State_county","Name","Acres"
"1_1","Autauga County",0
"1_3","Baldwin County",5000
"1_5","Barbour County",0
"1_7","Bibb County",0
"1_9","Blount County",0
"1_11","Bullock County",0
"1_13","Butler County",0
"1_15","Calhoun County",0
"1_17","Chambers County",0
"1_19","Cherokee County",0
"1_21","Chilton County",0
"1_25","Clarke County",0
"1_27","Clay County",0
"1_29","Cleburne County",0
"1_31","Coffee County",0
"1_33","Colbert County",15000
"1_35","Conecuh County",0
"1_39","Covington County",0
"1_41","Crenshaw County",0
"1_43","Cullman County",0
"1_45","Dale County",0
"1_47","Dallas County",0
"1_49","DeKalb County",10000
"1_51","Elmore County",0
"1_53","Escambia County",0
"1_55","Etowah County",0
"1_57","Fayette County",0
"1_59","Franklin County",0
"1_61","Geneva County",0
"1_63","Greene County",0
"1_65","Hale County",0
"1_67","Henry County",0
"1_69","Houston County",0
"1_71","Jackson County",15000
"1_75","Lamar County",0
"1_77","Lauderdale County",15000
"1_79","Lawrence County",20000
"1_81","Lee County",0
"1_83","Limestone County",15000
"1_85","Lowndes County",0
"1_87","Macon County",0
"1_89","Madison County",20000
"1_91","Marengo County",0
"1_93","Marion County",0
"1_95","Marshall County",0
"1_97","Mobile County",0
"1_99","Monroe County",0
"1_101","Montgomery County",0
"1_103","Morgan County",5000
"1_105","Perry County",0
"1_107","Pickens County",0
"1_109","Pike County",0
"1_111","Randolph County",0
"1_113","Russell County",0
"1_115","St. Clair County",0
"1_117","Shelby County",0
"1_119","Sumter County",0
"1_121","Talladega County",5000
"1_123","Tallapoosa County",0
"1_125","Tuscaloosa County",0
"1_127","Walker County",0
"1_129","Washington County",0
"1_131","Wilcox County",0
"4_3","Cochise County",20000
"4_9","Graham County",0
"4_11","Greenlee County",0
"4_12","La Paz County",0
"4_13","Maricopa County",10000
"4_19","Pima County",0
"4_21","Pinal County",10000
"4_25","Yavapai County",0
"4_27","Yuma County",0
"5_1","Arkansas County",20000
"5_3","Ashley County",25000
"5_7","Benton County",0
"5_9","Boone County",0
"5_11","Bradley County",0
"5_15","Carroll County",0
"5_17","Chicot County",35000
"5_19","Clark County",0
"5_21","Clay County",25000
"5_23","Cleburne County",0
"5_29","Conway County",0
"5_31","Craighead County",20000
"5_33","Crawford County",0
"5_35","Crittenden County",5000
"5_37","Cross County",5000
"5_41","Desha County",25000
"5_43","Drew County",10000
"5_45","Faulkner County",0
"5_47","Franklin County",0
"5_55","Greene County",10000
"5_57","Hempstead County",0
"5_59","Hot Spring County",0
"5_63","Independence County",5000
"5_67","Jackson County",5000
"5_69","Jefferson County",40000
"5_71","Johnson County",0
"5_73","Lafayette County",10000
"5_75","Lawrence County",0
"5_77","Lee County",20000
"5_79","Lincoln County",10000
"5_81","Little River County",5000
"5_83","Logan County",0
"5_85","Lonoke County",25000
"5_91","Miller County",20000
"5_93","Mississippi County",15000
"5_95","Monroe County",20000
"5_99","Nevada County",0
"5_105","Perry County",0
"5_107","Phillips County",30000
"5_111","Poinsett County",10000
"5_115","Pope County",0
"5_117","Prairie County",5000
"5_119","Pulaski County",0
"5_121","Randolph County",5000
"5_123","St. Francis County",5000
"5_131","Sebastian County",0
"5_141","Van Buren County",0
"5_143","Washington County",0
"5_145","White County",0
"5_147","Woodruff County",15000
"5_149","Yell County",0
"6_5","Amador County",0
"6_7","Butte County",0
"6_11","Colusa County",5000
"6_13","Contra Costa County",5000
"6_19","Fresno County",25000
"6_21","Glenn County",10000
"6_25","Imperial County",5000
"6_29","Kern County",25000
"6_31","Kings County",50000
"6_35","Lassen County",0
"6_39","Madera County",20000
"6_47","Merced County",70000
"6_53","Monterey County",0
"6_59","Orange County",0
"6_61","Placer County",0
"6_65","Riverside County",0
"6_67","Sacramento County",30000
"6_77","San Joaquin County",70000
"6_81","San Mateo County",0
"6_89","Shasta County",0
"6_95","Solano County",5000
"6_99","Stanislaus County",40000
"6_101","Sutter County",5000
"6_103","Tehama County",0
"6_107","Tulare County",1e+05
"6_113","Yolo County",15000
"6_115","Yuba County",0
"8_1","Adams County",25000
"8_5","Arapahoe County",0
"8_9","Baca County",75000
"8_11","Bent County",5000
"8_13","Boulder County",0
"8_14","Broomfield County",0
"8_17","Cheyenne County",45000
"8_21","Conejos County",0
"8_23","Costilla County",0
"8_25","Crowley County",0
"8_29","Delta County",5000
"8_31","Denver County",0
"8_33","Dolores County",0
"8_39","Elbert County",5000
"8_41","El Paso County",0
"8_43","Fremont County",0
"8_61","Kiowa County",30000
"8_63","Kit Carson County",250000
"8_67","La Plata County",0
"8_69","Larimer County",10000
"8_71","Las Animas County",0
"8_73","Lincoln County",50000
"8_75","Logan County",85000
"8_77","Mesa County",0
"8_83","Montezuma County",0
"8_85","Montrose County",10000
"8_87","Morgan County",80000
"8_89","Otero County",15000
"8_95","Phillips County",120000
"8_99","Prowers County",20000
"8_101","Pueblo County",5000
"8_115","Sedgwick County",55000
"8_121","Washington County",80000
"8_123","Weld County",130000
"8_125","Yuma County",265000
"9_1","Fairfield County",0
"9_3","Hartford County",0
"9_5","Litchfield County",0
"9_7","Middlesex County",0
"9_9","New Haven County",0
"9_11","New London County",5000
"9_13","Tolland County",0
"9_15","Windham County",5000
"10_1","Kent County",55000
"10_3","New Castle County",20000
"10_5","Sussex County",105000
"12_1","Alachua County",0
"12_3","Baker County",0
"12_7","Bradford County",0
"12_9","Brevard County",0
"12_11","Broward County",0
"12_13","Calhoun County",0
"12_23","Columbia County",0
"12_29","Dixie County",0
"12_33","Escambia County",0
"12_35","Flagler County",0
"12_39","Gadsden County",0
"12_41","Gilchrist County",0
"12_47","Hamilton County",0
"12_51","Hendry County",0
"12_55","Highlands County",0
"12_59","Holmes County",0
"12_63","Jackson County",0
"12_65","Jefferson County",0
"12_67","Lafayette County",0
"12_73","Leon County",0
"12_75","Levy County",0
"12_79","Madison County",5000
"12_81","Manatee County",0
"12_83","Marion County",0
"12_85","Martin County",0
"12_89","Nassau County",0
"12_91","Okaloosa County",0
"12_93","Okeechobee County",0
"12_99","Palm Beach County",5000
"12_107","Putnam County",0
"12_109","St. Johns County",0
"12_113","Santa Rosa County",0
"12_121","Suwannee County",0
"12_125","Union County",0
"12_129","Wakulla County",0
"12_131","Walton County",0
"12_133","Washington County",0
"13_1","Appling County",0
"13_3","Atkinson County",0
"13_5","Bacon County",0
"13_7","Baker County",5000
"13_11","Banks County",0
"13_15","Bartow County",0
"13_17","Ben Hill County",0
"13_19","Berrien County",0
"13_21","Bibb County",0
"13_23","Bleckley County",0
"13_25","Brantley County",0
"13_27","Brooks County",5000
"13_29","Bryan County",0
"13_31","Bulloch County",0
"13_33","Burke County",10000
"13_35","Butts County",0
"13_37","Calhoun County",10000
"13_43","Candler County",0
"13_47","Catoosa County",0
"13_49","Charlton County",0
"13_51","Chatham County",0
"13_55","Chattooga County",0
"13_59","Clarke County",0
"13_61","Clay County",0
"13_65","Clinch County",0
"13_69","Coffee County",0
"13_71","Colquitt County",0
"13_73","Columbia County",0
"13_75","Cook County",0
"13_77","Coweta County",0
"13_79","Crawford County",0
"13_81","Crisp County",0
"13_83","Dade County",0
"13_85","Dawson County",0
"13_87","Decatur County",20000
"13_91","Dodge County",0
"13_93","Dooly County",0
"13_95","Dougherty County",0
"13_99","Early County",5000
"13_101","Echols County",0
"13_103","Effingham County",0
"13_105","Elbert County",0
"13_107","Emanuel County",0
"13_109","Evans County",0
"13_111","Fannin County",0
"13_115","Floyd County",0
"13_119","Franklin County",0
"13_123","Gilmer County",0
"13_125","Glascock County",0
"13_127","Glynn County",0
"13_129","Gordon County",0
"13_131","Grady County",5000
"13_133","Greene County",0
"13_137","Habersham County",0
"13_139","Hall County",0
"13_143","Haralson County",0
"13_145","Harris County",0
"13_147","Hart County",0
"13_151","Henry County",0
"13_153","Houston County",0
"13_155","Irwin County",5000
"13_161","Jeff Davis County",0
"13_163","Jefferson County",5000
"13_165","Jenkins County",0
"13_167","Johnson County",0
"13_169","Jones County",0
"13_171","Lamar County",0
"13_173","Lanier County",0
"13_175","Laurens County",5000
"13_177","Lee County",10000
"13_179","Liberty County",0
"13_183","Long County",0
"13_185","Lowndes County",0
"13_187","Lumpkin County",0
"13_189","McDuffie County",0
"13_193","Macon County",5000
"13_195","Madison County",0
"13_197","Marion County",0
"13_201","Miller County",5000
"13_205","Mitchell County",20000
"13_207","Monroe County",0
"13_209","Montgomery County",0
"13_211","Morgan County",0
"13_213","Murray County",0
"13_215","Muscogee County",0
"13_217","Newton County",0
"13_219","Oconee County",0
"13_221","Oglethorpe County",0
"13_225","Peach County",0
"13_227","Pickens County",0
"13_229","Pierce County",5000
"13_231","Pike County",0
"13_233","Polk County",0
"13_235","Pulaski County",0
"13_237","Putnam County",0
"13_239","Quitman County",0
"13_241","Rabun County",0
"13_243","Randolph County",5000
"13_245","Richmond County",0
"13_249","Schley County",0
"13_251","Screven County",5000
"13_253","Seminole County",10000
"13_257","Stephens County",0
"13_259","Stewart County",0
"13_261","Sumter County",10000
"13_265","Taliaferro County",0
"13_267","Tattnall County",0
"13_269","Taylor County",0
"13_271","Telfair County",0
"13_273","Terrell County",10000
"13_275","Thomas County",5000
"13_277","Tift County",0
"13_279","Toombs County",0
"13_283","Treutlen County",0
"13_287","Turner County",0
"13_289","Twiggs County",0
"13_291","Union County",0
"13_293","Upson County",0
"13_295","Walker County",0
"13_297","Walton County",0
"13_299","Ware County",0
"13_301","Warren County",0
"13_303","Washington County",0
"13_305","Wayne County",0
"13_307","Webster County",0
"13_309","Wheeler County",0
"13_311","White County",0
"13_313","Whitfield County",0
"13_315","Wilcox County",0
"13_317","Wilkes County",0
"13_319","Wilkinson County",0
"13_321","Worth County",5000
"16_1","Ada County",10000
"16_3","Adams County",0
"16_11","Bingham County",5000
"16_19","Bonneville County",0
"16_23","Butte County",0
"16_25","Camas County",0
"16_27","Canyon County",40000
"16_29","Caribou County",0
"16_31","Cassia County",20000
"16_33","Clark County",0
"16_39","Elmore County",15000
"16_41","Franklin County",0
"16_43","Fremont County",0
"16_45","Gem County",0
"16_47","Gooding County",40000
"16_49","Idaho County",0
"16_51","Jefferson County",0
"16_53","Jerome County",35000
"16_55","Kootenai County",0
"16_63","Lincoln County",10000
"16_65","Madison County",0
"16_67","Minidoka County",5000
"16_69","Nez Perce County",0
"16_71","Oneida County",0
"16_73","Owyhee County",30000
"16_75","Payette County",10000
"16_77","Power County",0
"16_83","Twin Falls County",55000
"16_87","Washington County",0
"17_1","Adams County",145000
"17_3","Alexander County",5000
"17_5","Bond County",60000
"17_7","Boone County",80000
"17_9","Brown County",50000
"17_11","Bureau County",295000
"17_13","Calhoun County",20000
"17_15","Carroll County",160000
"17_17","Cass County",90000
"17_19","Champaign County",290000
"17_21","Christian County",220000
"17_23","Clark County",90000
"17_25","Clay County",75000
"17_27","Clinton County",80000
"17_29","Coles County",115000
"17_31","Cook County",0
"17_33","Crawford County",80000
"17_35","Cumberland County",65000
"17_37","DeKalb County",235000
"17_39","De Witt County",105000
"17_41","Douglas County",135000
"17_43","DuPage County",0
"17_45","Edgar County",165000
"17_47","Edwards County",30000
"17_49","Effingham County",85000
"17_51","Fayette County",1e+05
"17_53","Ford County",150000
"17_55","Franklin County",40000
"17_57","Fulton County",135000
"17_59","Gallatin County",65000
"17_61","Greene County",120000
"17_63","Grundy County",115000
"17_65","Hamilton County",60000
"17_67","Hancock County",170000
"17_69","Hardin County",0
"17_71","Henderson County",1e+05
"17_73","Henry County",245000
"17_75","Iroquois County",350000
"17_77","Jackson County",25000
"17_79","Jasper County",1e+05
"17_81","Jefferson County",50000
"17_83","Jersey County",75000
"17_85","Jo Daviess County",1e+05
"17_87","Johnson County",5000
"17_89","Kane County",90000
"17_91","Kankakee County",205000
"17_93","Kendall County",95000
"17_95","Knox County",170000
"17_97","Lake County",5000
"17_99","La Salle County",320000
"17_101","Lawrence County",70000
"17_103","Lee County",275000
"17_105","Livingston County",310000
"17_107","Logan County",215000
"17_109","McDonough County",160000
"17_111","McHenry County",1e+05
"17_113","McLean County",350000
"17_115","Macon County",175000
"17_117","Macoupin County",205000
"17_119","Madison County",110000
"17_121","Marion County",65000
"17_123","Marshall County",110000
"17_125","Mason County",145000
"17_127","Massac County",25000
"17_129","Menard County",80000
"17_131","Mercer County",145000
"17_133","Monroe County",45000
"17_135","Montgomery County",170000
"17_137","Morgan County",150000
"17_139","Moultrie County",90000
"17_141","Ogle County",230000
"17_143","Peoria County",105000
"17_145","Perry County",50000
"17_147","Piatt County",155000
"17_149","Pike County",170000
"17_151","Pope County",5000
"17_153","Pulaski County",15000
"17_155","Putnam County",40000
"17_157","Randolph County",50000
"17_159","Richland County",75000
"17_161","Rock Island County",70000
"17_163","St. Clair County",80000
"17_165","Saline County",40000
"17_167","Sangamon County",245000
"17_169","Schuyler County",75000
"17_171","Scott County",55000
"17_173","Shelby County",180000
"17_175","Stark County",105000
"17_177","Stephenson County",180000
"17_179","Tazewell County",160000
"17_181","Union County",10000
"17_183","Vermilion County",235000
"17_185","Wabash County",50000
"17_187","Warren County",170000
"17_189","Washington County",95000
"17_191","Wayne County",95000
"17_193","White County",80000
"17_195","Whiteside County",255000
"17_197","Will County",1e+05
"17_199","Williamson County",10000
"17_201","Winnebago County",95000
"17_203","Woodford County",160000
"18_1","Adams County",65000
"18_3","Allen County",75000
"18_5","Bartholomew County",65000
"18_7","Benton County",130000
"18_9","Blackford County",20000
"18_11","Boone County",125000
"18_13","Brown County",0
"18_15","Carroll County",1e+05
"18_17","Cass County",1e+05
"18_19","Clark County",15000
"18_21","Clay County",55000
"18_23","Clinton County",110000
"18_25","Crawford County",0
"18_27","Daviess County",90000
"18_29","Dearborn County",5000
"18_31","Decatur County",75000
"18_33","De Kalb County",45000
"18_35","Delaware County",65000
"18_37","Dubois County",60000
"18_39","Elkhart County",50000
"18_41","Fayette County",30000
"18_43","Floyd County",0
"18_45","Fountain County",110000
"18_47","Franklin County",35000
"18_49","Fulton County",90000
"18_51","Gibson County",90000
"18_53","Grant County",70000
"18_55","Greene County",40000
"18_57","Hamilton County",45000
"18_59","Hancock County",75000
"18_61","Harrison County",25000
"18_63","Hendricks County",45000
"18_65","Henry County",75000
"18_67","Howard County",65000
"18_69","Huntington County",60000
"18_71","Jackson County",60000
"18_73","Jasper County",160000
"18_75","Jay County",60000
"18_77","Jefferson County",15000
"18_79","Jennings County",40000
"18_81","Johnson County",50000
"18_83","Knox County",115000
"18_85","Kosciusko County",110000
"18_87","Lagrange County",45000
"18_89","Lake County",60000
"18_91","La Porte County",110000
"18_93","Lawrence County",15000
"18_95","Madison County",85000
"18_97","Marion County",5000
"18_99","Marshall County",85000
"18_101","Martin County",10000
"18_103","Miami County",65000
"18_105","Monroe County",5000
"18_107","Montgomery County",120000
"18_109","Morgan County",45000
"18_111","Newton County",115000
"18_113","Noble County",60000
"18_115","Ohio County",0
"18_117","Orange County",20000
"18_119","Owen County",15000
"18_121","Parke County",60000
"18_123","Perry County",10000
"18_125","Pike County",30000
"18_127","Porter County",60000
"18_129","Posey County",80000
"18_131","Pulaski County",120000
"18_133","Putnam County",65000
"18_135","Randolph County",85000
"18_137","Ripley County",45000
"18_139","Rush County",1e+05
"18_141","St. Joseph County",70000
"18_143","Scott County",10000
"18_145","Shelby County",85000
"18_147","Spencer County",50000
"18_149","Starke County",60000
"18_151","Steuben County",35000
"18_153","Sullivan County",65000
"18_155","Switzerland County",5000
"18_157","Tippecanoe County",95000
"18_159","Tipton County",75000
"18_161","Union County",30000
"18_163","Vanderburgh County",25000
"18_165","Vermillion County",20000
"18_167","Vigo County",40000
"18_169","Wabash County",65000
"18_171","Warren County",95000
"18_173","Warrick County",40000
"18_175","Washington County",45000
"18_177","Wayne County",60000
"18_179","Wells County",70000
"18_181","White County",160000
"18_183","Whitley County",55000
"19_1","Adair County",110000
"19_3","Adams County",70000
"19_5","Allamakee County",90000
"19_7","Appanoose County",30000
"19_9","Audubon County",110000
"19_11","Benton County",2e+05
"19_13","Black Hawk County",150000
"19_15","Boone County",160000
"19_17","Bremer County",125000
"19_19","Buchanan County",190000
"19_21","Buena Vista County",170000
"19_23","Butler County",165000
"19_25","Calhoun County",180000
"19_27","Carroll County",190000
"19_29","Cass County",135000
"19_31","Cedar County",165000
"19_33","Cerro Gordo County",185000
"19_35","Cherokee County",145000
"19_37","Chickasaw County",145000
"19_39","Clarke County",35000
"19_41","Clay County",160000
"19_43","Clayton County",160000
"19_45","Clinton County",2e+05
"19_47","Crawford County",215000
"19_49","Dallas County",130000
"19_51","Davis County",40000
"19_53","Decatur County",35000
"19_55","Delaware County",205000
"19_57","Des Moines County",70000
"19_59","Dickinson County",90000
"19_61","Dubuque County",145000
"19_63","Emmet County",120000
"19_65","Fayette County",2e+05
"19_67","Floyd County",150000
"19_69","Franklin County",2e+05
"19_71","Fremont County",110000
"19_73","Greene County",180000
"19_75","Grundy County",160000
"19_77","Guthrie County",115000
"19_79","Hamilton County",2e+05
"19_81","Hancock County",190000
"19_83","Hardin County",190000
"19_85","Harrison County",175000
"19_87","Henry County",80000
"19_89","Howard County",125000
"19_91","Humboldt County",135000
"19_93","Ida County",130000
"19_95","Iowa County",125000
"19_97","Jackson County",110000
"19_99","Jasper County",175000
"19_101","Jefferson County",70000
"19_103","Johnson County",110000
"19_105","Jones County",160000
"19_107","Keokuk County",115000
"19_109","Kossuth County",315000
"19_111","Lee County",70000
"19_113","Linn County",160000
"19_115","Louisa County",80000
"19_117","Lucas County",30000
"19_119","Lyon County",180000
"19_121","Madison County",70000
"19_123","Mahaska County",130000
"19_125","Marion County",80000
"19_127","Marshall County",150000
"19_129","Mills County",95000
"19_131","Mitchell County",155000
"19_133","Monona County",175000
"19_135","Monroe County",30000
"19_137","Montgomery County",95000
"19_139","Muscatine County",90000
"19_141","O'Brien County",165000
"19_143","Osceola County",125000
"19_145","Page County",110000
"19_147","Palo Alto County",170000
"19_149","Plymouth County",230000
"19_151","Pocahontas County",175000
"19_153","Polk County",85000
"19_155","Pottawattamie County",125000
"19_157","Poweshiek County",145000
"19_159","Ringgold County",55000
"19_161","Sac County",175000
"19_163","Scott County",115000
"19_165","Shelby County",175000
"19_167","Sioux County",255000
"19_169","Story County",170000
"19_171","Tama County",170000
"19_173","Taylor County",80000
"19_175","Union County",55000
"19_177","Van Buren County",45000
"19_179","Wapello County",55000
"19_181","Warren County",65000
"19_183","Washington County",125000
"19_185","Wayne County",55000
"19_187","Webster County",205000
"19_189","Winnebago County",135000
"19_191","Winneshiek County",165000
"19_193","Woodbury County",235000
"19_195","Worth County",115000
"19_197","Wright County",185000
"20_1","Allen County",40000
"20_3","Anderson County",50000
"20_5","Atchison County",65000
"20_7","Barber County",5000
"20_9","Barton County",35000
"20_11","Bourbon County",10000
"20_13","Brown County",115000
"20_15","Butler County",70000
"20_17","Chase County",5000
"20_19","Chautauqua County",0
"20_21","Cherokee County",55000
"20_23","Cheyenne County",65000
"20_25","Clark County",0
"20_27","Clay County",30000
"20_29","Cloud County",25000
"20_31","Coffey County",35000
"20_35","Cowley County",20000
"20_37","Crawford County",50000
"20_39","Decatur County",105000
"20_41","Dickinson County",20000
"20_43","Doniphan County",85000
"20_45","Douglas County",25000
"20_47","Edwards County",65000
"20_49","Elk County",0
"20_51","Ellis County",5000
"20_53","Ellsworth County",0
"20_55","Finney County",1e+05
"20_57","Ford County",45000
"20_59","Franklin County",30000
"20_61","Geary County",5000
"20_63","Gove County",85000
"20_65","Graham County",30000
"20_67","Grant County",50000
"20_69","Gray County",90000
"20_71","Greeley County",50000
"20_73","Greenwood County",10000
"20_75","Hamilton County",15000
"20_77","Harper County",5000
"20_79","Harvey County",60000
"20_81","Haskell County",90000
"20_83","Hodgeman County",15000
"20_85","Jackson County",35000
"20_87","Jefferson County",40000
"20_89","Jewell County",25000
"20_91","Johnson County",15000
"20_93","Kearny County",45000
"20_95","Kingman County",10000
"20_97","Kiowa County",30000
"20_99","Labette County",45000
"20_101","Lane County",10000
"20_103","Leavenworth County",15000
"20_105","Lincoln County",5000
"20_107","Linn County",15000
"20_109","Logan County",80000
"20_111","Lyon County",25000
"20_113","McPherson County",40000
"20_115","Marion County",40000
"20_117","Marshall County",1e+05
"20_119","Meade County",80000
"20_121","Miami County",20000
"20_123","Mitchell County",25000
"20_125","Montgomery County",45000
"20_127","Morris County",20000
"20_129","Morton County",25000
"20_131","Nemaha County",105000
"20_133","Neosho County",40000
"20_135","Ness County",5000
"20_137","Norton County",85000
"20_139","Osage County",35000
"20_141","Osborne County",15000
"20_143","Ottawa County",10000
"20_145","Pawnee County",45000
"20_147","Phillips County",35000
"20_149","Pottawatomie County",35000
"20_151","Pratt County",65000
"20_153","Rawlins County",85000
"20_155","Reno County",40000
"20_157","Republic County",75000
"20_159","Rice County",45000
"20_161","Riley County",15000
"20_163","Rooks County",10000
"20_165","Rush County",5000
"20_167","Russell County",5000
"20_169","Saline County",10000
"20_171","Scott County",60000
"20_173","Sedgwick County",40000
"20_175","Seward County",70000
"20_177","Shawnee County",35000
"20_179","Sheridan County",145000
"20_181","Sherman County",140000
"20_183","Smith County",40000
"20_185","Stafford County",75000
"20_187","Stanton County",65000
"20_189","Stevens County",115000
"20_191","Sumner County",40000
"20_193","Thomas County",220000
"20_195","Trego County",10000
"20_197","Wabaunsee County",20000
"20_199","Wallace County",70000
"20_201","Washington County",65000
"20_203","Wichita County",50000
"20_205","Wilson County",40000
"20_207","Woodson County",10000
"20_209","Wyandotte County",0
"21_1","Adair County",10000
"21_3","Allen County",0
"21_5","Anderson County",0
"21_7","Ballard County",25000
"21_9","Barren County",20000
"21_11","Bath County",0
"21_13","Bell County",0
"21_15","Boone County",0
"21_17","Bourbon County",5000
"21_19","Boyd County",0
"21_21","Boyle County",0
"21_23","Bracken County",0
"21_25","Breathitt County",0
"21_27","Breckinridge County",15000
"21_29","Bullitt County",0
"21_31","Butler County",15000
"21_33","Caldwell County",30000
"21_35","Calloway County",35000
"21_37","Campbell County",0
"21_39","Carlisle County",25000
"21_41","Carroll County",0
"21_43","Carter County",0
"21_45","Casey County",5000
"21_47","Christian County",75000
"21_49","Clark County",0
"21_51","Clay County",0
"21_53","Clinton County",0
"21_55","Crittenden County",10000
"21_57","Cumberland County",0
"21_59","Daviess County",65000
"21_61","Edmonson County",0
"21_63","Elliott County",0
"21_65","Estill County",0
"21_67","Fayette County",0
"21_69","Fleming County",0
"21_73","Franklin County",0
"21_75","Fulton County",20000
"21_77","Gallatin County",0
"21_79","Garrard County",0
"21_81","Grant County",0
"21_83","Graves County",65000
"21_85","Grayson County",10000
"21_87","Green County",5000
"21_89","Greenup County",0
"21_91","Hancock County",5000
"21_93","Hardin County",30000
"21_97","Harrison County",0
"21_99","Hart County",5000
"21_101","Henderson County",65000
"21_103","Henry County",5000
"21_105","Hickman County",40000
"21_107","Hopkins County",25000
"21_109","Jackson County",0
"21_111","Jefferson County",0
"21_113","Jessamine County",0
"21_115","Johnson County",0
"21_117","Kenton County",0
"21_121","Knox County",0
"21_123","Larue County",20000
"21_125","Laurel County",0
"21_127","Lawrence County",0
"21_129","Lee County",0
"21_135","Lewis County",0
"21_137","Lincoln County",5000
"21_139","Livingston County",5000
"21_141","Logan County",60000
"21_143","Lyon County",5000
"21_145","McCracken County",10000
"21_149","McLean County",40000
"21_151","Madison County",0
"21_153","Magoffin County",0
"21_155","Marion County",10000
"21_157","Marshall County",10000
"21_161","Mason County",5000
"21_163","Meade County",15000
"21_165","Menifee County",0
"21_167","Mercer County",5000
"21_169","Metcalfe County",0
"21_171","Monroe County",5000
"21_173","Montgomery County",0
"21_175","Morgan County",0
"21_177","Muhlenberg County",10000
"21_179","Nelson County",15000
"21_181","Nicholas County",0
"21_183","Ohio County",25000
"21_185","Oldham County",0
"21_187","Owen County",0
"21_189","Owsley County",0
"21_191","Pendleton County",0
"21_195","Pike County",0
"21_197","Powell County",0
"21_199","Pulaski County",10000
"21_201","Robertson County",0
"21_203","Rockcastle County",0
"21_205","Rowan County",0
"21_207","Russell County",0
"21_209","Scott County",0
"21_211","Shelby County",15000
"21_213","Simpson County",35000
"21_215","Spencer County",0
"21_217","Taylor County",10000
"21_219","Todd County",45000
"21_221","Trigg County",15000
"21_223","Trimble County",0
"21_225","Union County",70000
"21_227","Warren County",30000
"21_229","Washington County",5000
"21_231","Wayne County",5000
"21_233","Webster County",35000
"21_235","Whitley County",0
"21_237","Wolfe County",0
"21_239","Woodford County",0
"23_1","Androscoggin County",0
"23_3","Aroostook County",0
"23_5","Cumberland County",0
"23_7","Franklin County",0
"23_11","Kennebec County",0
"23_13","Knox County",0
"23_15","Lincoln County",0
"23_17","Oxford County",0
"23_19","Penobscot County",5000
"23_21","Piscataquis County",0
"23_23","Sagadahoc County",0
"23_25","Somerset County",5000
"23_27","Waldo County",0
"23_31","York County",0
"24_1","Allegany County",0
"24_3","Anne Arundel County",0
"24_5","Baltimore County",20000
"24_9","Calvert County",0
"24_11","Caroline County",35000
"24_13","Carroll County",30000
"24_15","Cecil County",15000
"24_17","Charles County",5000
"24_19","Dorchester County",25000
"24_21","Frederick County",35000
"24_23","Garrett County",0
"24_25","Harford County",20000
"24_27","Howard County",0
"24_29","Kent County",40000
"24_31","Montgomery County",10000
"24_33","Prince George's County",0
"24_35","Queen Anne's County",50000
"24_37","St. Mary's County",5000
"24_39","Somerset County",10000
"24_41","Talbot County",30000
"24_43","Washington County",15000
"24_45","Wicomico County",20000
"24_47","Worcester County",30000
"25_1","Barnstable County",0
"25_3","Berkshire County",0
"25_5","Bristol County",0
"25_9","Essex County",0
"25_11","Franklin County",0
"25_13","Hampden County",0
"25_15","Hampshire County",0
"25_17","Middlesex County",0
"25_21","Norfolk County",0
"25_23","Plymouth County",0
"25_27","Worcester County",0
"26_1","Alcona County",0
"26_3","Alger County",0
"26_5","Allegan County",80000
"26_7","Alpena County",5000
"26_9","Antrim County",0
"26_11","Arenac County",15000
"26_13","Baraga County",0
"26_15","Barry County",40000
"26_17","Bay County",50000
"26_19","Benzie County",0
"26_21","Berrien County",45000
"26_23","Branch County",80000
"26_25","Calhoun County",80000
"26_27","Cass County",80000
"26_29","Charlevoix County",0
"26_31","Cheboygan County",0
"26_33","Chippewa County",0
"26_35","Clare County",5000
"26_37","Clinton County",70000
"26_41","Delta County",0
"26_43","Dickinson County",0
"26_45","Eaton County",50000
"26_47","Emmet County",0
"26_49","Genesee County",25000
"26_51","Gladwin County",5000
"26_55","Grand Traverse County",5000
"26_57","Gratiot County",90000
"26_59","Hillsdale County",70000
"26_61","Houghton County",0
"26_63","Huron County",120000
"26_65","Ingham County",50000
"26_67","Ionia County",75000
"26_69","Iosco County",5000
"26_71","Iron County",0
"26_73","Isabella County",35000
"26_75","Jackson County",50000
"26_77","Kalamazoo County",60000
"26_79","Kalkaska County",0
"26_81","Kent County",40000
"26_85","Lake County",0
"26_87","Lapeer County",30000
"26_89","Leelanau County",0
"26_91","Lenawee County",95000
"26_93","Livingston County",15000
"26_95","Luce County",0
"26_97","Mackinac County",0
"26_99","Macomb County",5000
"26_101","Manistee County",0
"26_103","Marquette County",0
"26_105","Mason County",10000
"26_107","Mecosta County",25000
"26_109","Menominee County",15000
"26_111","Midland County",20000
"26_113","Missaukee County",20000
"26_115","Monroe County",55000
"26_117","Montcalm County",65000
"26_119","Montmorency County",0
"26_121","Muskegon County",15000
"26_123","Newaygo County",25000
"26_125","Oakland County",0
"26_127","Oceana County",10000
"26_129","Ogemaw County",10000
"26_131","Ontonagon County",0
"26_133","Osceola County",5000
"26_135","Oscoda County",0
"26_137","Otsego County",0
"26_139","Ottawa County",45000
"26_141","Presque Isle County",5000
"26_145","Saginaw County",90000
"26_147","St. Clair County",25000
"26_149","St. Joseph County",80000
"26_151","Sanilac County",95000
"26_153","Schoolcraft County",0
"26_155","Shiawassee County",50000
"26_157","Tuscola County",85000
"26_159","Van Buren County",35000
"26_161","Washtenaw County",35000
"26_163","Wayne County",0
"26_165","Wexford County",5000
"27_1","Aitkin County",0
"27_3","Anoka County",5000
"27_5","Becker County",45000
"27_7","Beltrami County",0
"27_9","Benton County",50000
"27_11","Big Stone County",85000
"27_13","Blue Earth County",190000
"27_15","Brown County",165000
"27_17","Carlton County",0
"27_19","Carver County",60000
"27_21","Cass County",5000
"27_23","Chippewa County",145000
"27_25","Chisago County",30000
"27_27","Clay County",105000
"27_29","Clearwater County",0
"27_33","Cottonwood County",185000
"27_35","Crow Wing County",5000
"27_37","Dakota County",1e+05
"27_39","Dodge County",125000
"27_41","Douglas County",55000
"27_43","Faribault County",210000
"27_45","Fillmore County",180000
"27_47","Freeborn County",2e+05
"27_49","Goodhue County",155000
"27_51","Grant County",1e+05
"27_53","Hennepin County",10000
"27_55","Houston County",60000
"27_57","Hubbard County",10000
"27_59","Isanti County",30000
"27_61","Itasca County",0
"27_63","Jackson County",170000
"27_65","Kanabec County",10000
"27_67","Kandiyohi County",160000
"27_69","Kittson County",5000
"27_71","Koochiching County",0
"27_73","Lac qui Parle County",165000
"27_77","Lake of the Woods County",0
"27_79","Le Sueur County",95000
"27_81","Lincoln County",105000
"27_83","Lyon County",185000
"27_85","McLeod County",105000
"27_87","Mahnomen County",30000
"27_89","Marshall County",10000
"27_91","Martin County",235000
"27_93","Meeker County",110000
"27_95","Mille Lacs County",15000
"27_97","Morrison County",90000
"27_99","Mower County",210000
"27_101","Murray County",185000
"27_103","Nicollet County",125000
"27_105","Nobles County",210000
"27_107","Norman County",85000
"27_109","Olmsted County",130000
"27_111","Otter Tail County",65000
"27_113","Pennington County",5000
"27_115","Pine County",15000
"27_117","Pipestone County",1e+05
"27_119","Polk County",20000
"27_121","Pope County",1e+05
"27_125","Red Lake County",10000
"27_127","Redwood County",235000
"27_129","Renville County",305000
"27_131","Rice County",80000
"27_133","Rock County",145000
"27_135","Roseau County",10000
"27_137","St. Louis County",0
"27_139","Scott County",35000
"27_141","Sherburne County",30000
"27_143","Sibley County",140000
"27_145","Stearns County",210000
"27_147","Steele County",120000
"27_149","Stevens County",145000
"27_151","Swift County",180000
"27_153","Todd County",70000
"27_155","Traverse County",130000
"27_157","Wabasha County",90000
"27_159","Wadena County",20000
"27_161","Waseca County",130000
"27_163","Washington County",15000
"27_165","Watonwan County",130000
"27_167","Wilkin County",90000
"27_169","Winona County",85000
"27_171","Wright County",75000
"27_173","Yellow Medicine County",195000
"28_1","Adams County",0
"28_3","Alcorn County",0
"28_5","Amite County",0
"28_7","Attala County",0
"28_9","Benton County",0
"28_11","Bolivar County",55000
"28_13","Calhoun County",0
"28_15","Carroll County",5000
"28_17","Chickasaw County",5000
"28_19","Choctaw County",0
"28_21","Claiborne County",0
"28_23","Clarke County",0
"28_25","Clay County",0
"28_27","Coahoma County",40000
"28_29","Copiah County",0
"28_31","Covington County",0
"28_33","DeSoto County",5000
"28_35","Forrest County",0
"28_37","Franklin County",0
"28_39","George County",0
"28_41","Greene County",0
"28_43","Grenada County",0
"28_45","Hancock County",0
"28_49","Hinds County",5000
"28_51","Holmes County",15000
"28_53","Humphreys County",30000
"28_55","Issaquena County",25000
"28_57","Itawamba County",0
"28_59","Jackson County",0
"28_63","Jefferson County",0
"28_65","Jefferson Davis County",0
"28_67","Jones County",0
"28_69","Kemper County",0
"28_71","Lafayette County",0
"28_73","Lamar County",0
"28_77","Lawrence County",0
"28_79","Leake County",0
"28_81","Lee County",0
"28_83","Leflore County",70000
"28_85","Lincoln County",0
"28_87","Lowndes County",5000
"28_89","Madison County",10000
"28_91","Marion County",0
"28_93","Marshall County",0
"28_95","Monroe County",15000
"28_97","Montgomery County",0
"28_99","Neshoba County",0
"28_101","Newton County",0
"28_103","Noxubee County",30000
"28_105","Oktibbeha County",0
"28_107","Panola County",10000
"28_109","Pearl River County",0
"28_111","Perry County",0
"28_113","Pike County",0
"28_115","Pontotoc County",0
"28_117","Prentiss County",0
"28_119","Quitman County",5000
"28_121","Rankin County",0
"28_123","Scott County",0
"28_125","Sharkey County",35000
"28_127","Simpson County",0
"28_129","Smith County",0
"28_131","Stone County",0
"28_133","Sunflower County",80000
"28_135","Tallahatchie County",35000
"28_137","Tate County",5000
"28_139","Tippah County",0
"28_141","Tishomingo County",0
"28_143","Tunica County",5000
"28_145","Union County",0
"28_147","Walthall County",0
"28_149","Warren County",10000
"28_151","Washington County",85000
"28_153","Wayne County",0
"28_155","Webster County",0
"28_159","Winston County",0
"28_161","Yalobusha County",0
"28_163","Yazoo County",40000
"29_1","Adair County",15000
"29_3","Andrew County",55000
"29_5","Atchison County",120000
"29_7","Audrain County",90000
"29_9","Barry County",5000
"29_11","Barton County",55000
"29_13","Bates County",65000
"29_15","Benton County",10000
"29_17","Bollinger County",5000
"29_19","Boone County",20000
"29_21","Buchanan County",50000
"29_23","Butler County",20000
"29_25","Caldwell County",20000
"29_27","Callaway County",25000
"29_29","Camden County",0
"29_31","Cape Girardeau County",25000
"29_33","Carroll County",85000
"29_37","Cass County",30000
"29_39","Cedar County",0
"29_41","Chariton County",75000
"29_43","Christian County",0
"29_45","Clark County",50000
"29_47","Clay County",5000
"29_49","Clinton County",40000
"29_51","Cole County",5000
"29_53","Cooper County",45000
"29_55","Crawford County",0
"29_57","Dade County",15000
"29_59","Dallas County",0
"29_61","Daviess County",35000
"29_63","DeKalb County",30000
"29_65","Dent County",0
"29_67","Douglas County",0
"29_69","Dunklin County",20000
"29_71","Franklin County",20000
"29_73","Gasconade County",5000
"29_75","Gentry County",35000
"29_77","Greene County",0
"29_79","Grundy County",35000
"29_81","Harrison County",45000
"29_83","Henry County",25000
"29_85","Hickory County",0
"29_87","Holt County",80000
"29_89","Howard County",30000
"29_91","Howell County",0
"29_95","Jackson County",25000
"29_97","Jasper County",25000
"29_99","Jefferson County",0
"29_101","Johnson County",35000
"29_103","Knox County",45000
"29_105","Laclede County",0
"29_107","Lafayette County",95000
"29_109","Lawrence County",10000
"29_111","Lewis County",60000
"29_113","Lincoln County",40000
"29_115","Linn County",25000
"29_117","Livingston County",35000
"29_119","McDonald County",0
"29_121","Macon County",30000
"29_123","Madison County",0
"29_125","Maries County",0
"29_127","Marion County",55000
"29_129","Mercer County",15000
"29_131","Miller County",0
"29_133","Mississippi County",30000
"29_135","Moniteau County",15000
"29_137","Monroe County",55000
"29_139","Montgomery County",40000
"29_141","Morgan County",5000
"29_143","New Madrid County",50000
"29_145","Newton County",5000
"29_147","Nodaway County",120000
"29_151","Osage County",10000
"29_155","Pemiscot County",15000
"29_157","Perry County",20000
"29_159","Pettis County",60000
"29_161","Phelps County",0
"29_163","Pike County",55000
"29_165","Platte County",40000
"29_167","Polk County",0
"29_169","Pulaski County",0
"29_171","Putnam County",15000
"29_173","Ralls County",55000
"29_175","Randolph County",15000
"29_177","Ray County",40000
"29_181","Ripley County",0
"29_183","St. Charles County",40000
"29_185","St. Clair County",15000
"29_187","St. Francois County",0
"29_189","St. Louis County",0
"29_195","Saline County",130000
"29_197","Schuyler County",10000
"29_199","Scotland County",35000
"29_201","Scott County",60000
"29_203","Shannon County",0
"29_205","Shelby County",50000
"29_207","Stoddard County",70000
"29_209","Stone County",0
"29_211","Sullivan County",10000
"29_213","Taney County",0
"29_215","Texas County",0
"29_217","Vernon County",55000
"29_219","Warren County",15000
"29_223","Wayne County",0
"29_225","Webster County",0
"29_227","Worth County",10000
"29_229","Wright County",0
"30_1","Beaverhead County",0
"30_3","Big Horn County",0
"30_5","Blaine County",0
"30_7","Broadwater County",0
"30_9","Carbon County",5000
"30_11","Carter County",0
"30_13","Cascade County",0
"30_15","Chouteau County",0
"30_17","Custer County",5000
"30_19","Daniels County",0
"30_21","Dawson County",0
"30_25","Fallon County",0
"30_27","Fergus County",0
"30_29","Flathead County",0
"30_31","Gallatin County",0
"30_33","Garfield County",0
"30_35","Glacier County",0
"30_37","Golden Valley County",0
"30_41","Hill County",0
"30_43","Jefferson County",0
"30_45","Judith Basin County",0
"30_47","Lake County",0
"30_49","Lewis and Clark County",0
"30_51","Liberty County",0
"30_55","McCone County",0
"30_65","Musselshell County",0
"30_71","Phillips County",0
"30_73","Pondera County",0
"30_79","Prairie County",0
"30_81","Ravalli County",0
"30_83","Richland County",5000
"30_85","Roosevelt County",0
"30_87","Rosebud County",5000
"30_91","Sheridan County",0
"30_95","Stillwater County",0
"30_97","Sweet Grass County",0
"30_99","Teton County",0
"30_101","Toole County",0
"30_103","Treasure County",0
"30_105","Valley County",0
"30_107","Wheatland County",0
"30_109","Wibaux County",0
"30_111","Yellowstone County",15000
"31_1","Adams County",185000
"31_3","Antelope County",215000
"31_5","Arthur County",0
"31_7","Banner County",10000
"31_9","Blaine County",0
"31_11","Boone County",175000
"31_13","Box Butte County",65000
"31_15","Boyd County",30000
"31_17","Brown County",45000
"31_19","Buffalo County",205000
"31_21","Burt County",115000
"31_23","Butler County",145000
"31_25","Cass County",120000
"31_27","Cedar County",190000
"31_29","Chase County",185000
"31_31","Cherry County",25000
"31_33","Cheyenne County",50000
"31_35","Clay County",160000
"31_37","Colfax County",110000
"31_39","Cuming County",170000
"31_41","Custer County",245000
"31_43","Dakota County",40000
"31_45","Dawes County",5000
"31_47","Dawson County",205000
"31_49","Deuel County",20000
"31_51","Dixon County",120000
"31_53","Dodge County",145000
"31_55","Douglas County",25000
"31_57","Dundy County",105000
"31_59","Fillmore County",190000
"31_61","Franklin County",80000
"31_63","Frontier County",55000
"31_65","Furnas County",110000
"31_67","Gage County",170000
"31_69","Garden County",30000
"31_71","Garfield County",10000
"31_73","Gosper County",105000
"31_77","Greeley County",55000
"31_79","Hall County",195000
"31_81","Hamilton County",2e+05
"31_83","Harlan County",95000
"31_85","Hayes County",75000
"31_87","Hitchcock County",20000
"31_89","Holt County",210000
"31_93","Howard County",120000
"31_95","Jefferson County",110000
"31_97","Johnson County",50000
"31_99","Kearney County",160000
"31_101","Keith County",110000
"31_103","Keya Paha County",15000
"31_105","Kimball County",20000
"31_107","Knox County",155000
"31_109","Lancaster County",130000
"31_111","Lincoln County",245000
"31_113","Logan County",25000
"31_115","Loup County",5000
"31_117","McPherson County",5000
"31_119","Madison County",150000
"31_121","Merrick County",125000
"31_123","Morrill County",75000
"31_125","Nance County",85000
"31_127","Nemaha County",75000
"31_129","Nuckolls County",1e+05
"31_131","Otoe County",125000
"31_133","Pawnee County",55000
"31_135","Perkins County",250000
"31_137","Phelps County",180000
"31_139","Pierce County",140000
"31_141","Platte County",215000
"31_143","Polk County",125000
"31_145","Red Willow County",145000
"31_147","Richardson County",105000
"31_149","Rock County",30000
"31_151","Saline County",140000
"31_153","Sarpy County",35000
"31_155","Saunders County",185000
"31_157","Scotts Bluff County",90000
"31_159","Seward County",145000
"31_161","Sheridan County",45000
"31_163","Sherman County",40000
"31_165","Sioux County",10000
"31_167","Stanton County",95000
"31_169","Thayer County",155000
"31_171","Thomas County",0
"31_173","Thurston County",105000
"31_175","Valley County",110000
"31_177","Washington County",90000
"31_179","Wayne County",130000
"31_181","Webster County",80000
"31_183","Wheeler County",35000
"31_185","York County",210000
"32_1","Churchill County",0
"32_13","Humboldt County",0
"32_19","Lyon County",0
"32_27","Pershing County",0
"32_33","White Pine County",0
"33_1","Belknap County",0
"33_3","Carroll County",0
"33_5","Cheshire County",0
"33_7","Coos County",0
"33_9","Grafton County",0
"33_11","Hillsborough County",0
"33_13","Merrimack County",0
"33_15","Rockingham County",0
"33_17","Strafford County",0
"33_19","Sullivan County",0
"34_1","Atlantic County",0
"34_5","Burlington County",5000
"34_7","Camden County",0
"34_9","Cape May County",0
"34_11","Cumberland County",0
"34_15","Gloucester County",0
"34_19","Hunterdon County",5000
"34_21","Mercer County",0
"34_23","Middlesex County",0
"34_25","Monmouth County",0
"34_27","Morris County",0
"34_29","Ocean County",0
"34_33","Salem County",20000
"34_35","Somerset County",0
"34_37","Sussex County",0
"34_41","Warren County",15000
"35_5","Chaves County",15000
"35_9","Curry County",20000
"35_11","DeBaca County",0
"35_13","Dona Ana County",0
"35_15","Eddy County",0
"35_23","Hidalgo County",0
"35_25","Lea County",5000
"35_29","Luna County",0
"35_37","Quay County",0
"35_41","Roosevelt County",10000
"35_45","San Juan County",20000
"35_49","Santa Fe County",0
"35_51","Sierra County",0
"35_57","Torrance County",5000
"35_59","Union County",20000
"35_61","Valencia County",0
"36_1","Albany County",0
"36_3","Allegany County",10000
"36_7","Broome County",5000
"36_9","Cattaraugus County",15000
"36_11","Cayuga County",60000
"36_13","Chautauqua County",15000
"36_15","Chemung County",5000
"36_17","Chenango County",10000
"36_19","Clinton County",20000
"36_21","Columbia County",10000
"36_23","Cortland County",15000
"36_25","Delaware County",5000
"36_27","Dutchess County",5000
"36_29","Erie County",20000
"36_31","Essex County",0
"36_33","Franklin County",15000
"36_35","Fulton County",0
"36_37","Genesee County",50000
"36_39","Greene County",0
"36_43","Herkimer County",15000
"36_45","Jefferson County",35000
"36_49","Lewis County",20000
"36_51","Livingston County",60000
"36_53","Madison County",25000
"36_55","Monroe County",25000
"36_57","Montgomery County",15000
"36_63","Niagara County",25000
"36_65","Oneida County",30000
"36_67","Onondaga County",35000
"36_69","Ontario County",35000
"36_71","Orange County",5000
"36_73","Orleans County",35000
"36_75","Oswego County",5000
"36_77","Otsego County",10000
"36_83","Rensselaer County",10000
"36_89","St. Lawrence County",30000
"36_91","Saratoga County",5000
"36_93","Schenectady County",0
"36_95","Schoharie County",5000
"36_97","Schuyler County",5000
"36_99","Seneca County",20000
"36_101","Steuben County",30000
"36_103","Suffolk County",0
"36_105","Sullivan County",0
"36_107","Tioga County",5000
"36_109","Tompkins County",10000
"36_111","Ulster County",0
"36_113","Warren County",0
"36_115","Washington County",25000
"36_117","Wayne County",30000
"36_119","Westchester County",0
"36_121","Wyoming County",50000
"36_123","Yates County",10000
"37_1","Alamance County",0
"37_3","Alexander County",0
"37_5","Alleghany County",0
"37_7","Anson County",5000
"37_9","Ashe County",0
"37_11","Avery County",0
"37_13","Beaufort County",40000
"37_15","Bertie County",10000
"37_17","Bladen County",25000
"37_19","Brunswick County",5000
"37_21","Buncombe County",0
"37_23","Burke County",0
"37_25","Cabarrus County",0
"37_27","Caldwell County",0
"37_29","Camden County",15000
"37_31","Carteret County",15000
"37_33","Caswell County",0
"37_35","Catawba County",0
"37_37","Chatham County",0
"37_39","Cherokee County",0
"37_41","Chowan County",0
"37_43","Clay County",0
"37_45","Cleveland County",0
"37_47","Columbus County",40000
"37_49","Craven County",15000
"37_51","Cumberland County",10000
"37_53","Currituck County",10000
"37_57","Davidson County",5000
"37_59","Davie County",5000
"37_61","Duplin County",45000
"37_63","Durham County",0
"37_65","Edgecombe County",5000
"37_67","Forsyth County",0
"37_69","Franklin County",0
"37_71","Gaston County",0
"37_73","Gates County",5000
"37_75","Graham County",0
"37_77","Granville County",0
"37_79","Greene County",5000
"37_81","Guilford County",5000
"37_83","Halifax County",0
"37_85","Harnett County",0
"37_87","Haywood County",0
"37_89","Henderson County",0
"37_91","Hertford County",5000
"37_93","Hoke County",5000
"37_95","Hyde County",25000
"37_97","Iredell County",15000
"37_99","Jackson County",0
"37_101","Johnston County",5000
"37_103","Jones County",5000
"37_105","Lee County",0
"37_107","Lenoir County",20000
"37_109","Lincoln County",0
"37_111","McDowell County",0
"37_113","Macon County",0
"37_115","Madison County",0
"37_117","Martin County",0
"37_119","Mecklenburg County",0
"37_121","Mitchell County",0
"37_123","Montgomery County",0
"37_125","Moore County",0
"37_127","Nash County",0
"37_129","New Hanover County",0
"37_131","Northampton County",0
"37_133","Onslow County",5000
"37_135","Orange County",0
"37_137","Pamlico County",10000
"37_139","Pasquotank County",20000
"37_141","Pender County",15000
"37_143","Perquimans County",10000
"37_145","Person County",0
"37_147","Pitt County",10000
"37_149","Polk County",0
"37_151","Randolph County",5000
"37_153","Richmond County",0
"37_155","Robeson County",60000
"37_157","Rockingham County",0
"37_159","Rowan County",5000
"37_161","Rutherford County",0
"37_163","Sampson County",30000
"37_165","Scotland County",5000
"37_167","Stanly County",10000
"37_169","Stokes County",0
"37_171","Surry County",5000
"37_173","Swain County",0
"37_175","Transylvania County",0
"37_177","Tyrrell County",30000
"37_179","Union County",30000
"37_181","Vance County",0
"37_183","Wake County",0
"37_185","Warren County",0
"37_187","Washington County",25000
"37_189","Watauga County",0
"37_191","Wayne County",25000
"37_193","Wilkes County",5000
"37_195","Wilson County",5000
"37_197","Yadkin County",10000
"37_199","Yancey County",0
"38_1","Adams County",10000
"38_3","Barnes County",95000
"38_5","Benson County",40000
"38_7","Billings County",0
"38_9","Bottineau County",5000
"38_11","Bowman County",10000
"38_13","Burke County",0
"38_15","Burleigh County",35000
"38_17","Cass County",2e+05
"38_19","Cavalier County",0
"38_21","Dickey County",135000
"38_23","Divide County",0
"38_25","Dunn County",10000
"38_27","Eddy County",15000
"38_29","Emmons County",95000
"38_31","Foster County",35000
"38_33","Golden Valley County",0
"38_35","Grand Forks County",80000
"38_37","Grant County",30000
"38_39","Griggs County",20000
"38_41","Hettinger County",10000
"38_43","Kidder County",20000
"38_45","LaMoure County",140000
"38_47","Logan County",40000
"38_49","McHenry County",20000
"38_51","McIntosh County",35000
"38_53","McKenzie County",0
"38_55","McLean County",20000
"38_57","Mercer County",5000
"38_59","Morton County",40000
"38_61","Mountrail County",0
"38_63","Nelson County",15000
"38_65","Oliver County",10000
"38_67","Pembina County",25000
"38_69","Pierce County",15000
"38_71","Ramsey County",30000
"38_73","Ransom County",70000
"38_75","Renville County",0
"38_77","Richland County",260000
"38_79","Rolette County",0
"38_81","Sargent County",105000
"38_83","Sheridan County",5000
"38_85","Sioux County",10000
"38_87","Slope County",0
"38_89","Stark County",10000
"38_91","Steele County",60000
"38_93","Stutsman County",115000
"38_95","Towner County",5000
"38_97","Traill County",90000
"38_99","Walsh County",30000
"38_101","Ward County",5000
"38_103","Wells County",45000
"38_105","Williams County",0
"39_1","Adams County",10000
"39_3","Allen County",55000
"39_5","Ashland County",30000
"39_7","Ashtabula County",15000
"39_9","Athens County",0
"39_11","Auglaize County",60000
"39_13","Belmont County",0
"39_15","Brown County",15000
"39_17","Butler County",25000
"39_19","Carroll County",10000
"39_21","Champaign County",85000
"39_23","Clark County",60000
"39_25","Clermont County",10000
"39_27","Clinton County",65000
"39_29","Columbiana County",20000
"39_31","Coshocton County",25000
"39_33","Crawford County",80000
"39_35","Cuyahoga County",0
"39_37","Darke County",125000
"39_39","Defiance County",45000
"39_41","Delaware County",35000
"39_43","Erie County",25000
"39_45","Fairfield County",55000
"39_47","Fayette County",75000
"39_49","Franklin County",10000
"39_51","Fulton County",85000
"39_53","Gallia County",0
"39_55","Geauga County",0
"39_57","Greene County",50000
"39_59","Guernsey County",0
"39_61","Hamilton County",0
"39_63","Hancock County",70000
"39_65","Hardin County",75000
"39_67","Harrison County",0
"39_69","Henry County",75000
"39_71","Highland County",35000
"39_73","Hocking County",0
"39_75","Holmes County",20000
"39_77","Huron County",55000
"39_79","Jackson County",0
"39_81","Jefferson County",0
"39_83","Knox County",50000
"39_85","Lake County",0
"39_87","Lawrence County",0
"39_89","Licking County",55000
"39_91","Logan County",55000
"39_93","Lorain County",15000
"39_95","Lucas County",15000
"39_97","Madison County",85000
"39_99","Mahoning County",15000
"39_101","Marion County",50000
"39_103","Medina County",10000
"39_105","Meigs County",0
"39_107","Mercer County",90000
"39_109","Miami County",65000
"39_111","Monroe County",0
"39_113","Montgomery County",35000
"39_115","Morgan County",0
"39_117","Morrow County",35000
"39_119","Muskingum County",15000
"39_121","Noble County",0
"39_123","Ottawa County",15000
"39_125","Paulding County",45000
"39_127","Perry County",15000
"39_129","Pickaway County",80000
"39_131","Pike County",5000
"39_133","Portage County",10000
"39_135","Preble County",75000
"39_137","Putnam County",65000
"39_139","Richland County",30000
"39_141","Ross County",45000
"39_143","Sandusky County",60000
"39_145","Scioto County",5000
"39_147","Seneca County",75000
"39_149","Shelby County",70000
"39_151","Stark County",25000
"39_153","Summit County",0
"39_155","Trumbull County",15000
"39_157","Tuscarawas County",20000
"39_159","Union County",45000
"39_161","Van Wert County",75000
"39_163","Vinton County",0
"39_165","Warren County",15000
"39_167","Washington County",5000
"39_169","Wayne County",55000
"39_171","Williams County",50000
"39_173","Wood County",90000
"39_175","Wyandot County",60000
"40_1","Adair County",0
"40_3","Alfalfa County",5000
"40_7","Beaver County",10000
"40_11","Blaine County",0
"40_13","Bryan County",0
"40_15","Caddo County",0
"40_17","Canadian County",0
"40_23","Choctaw County",0
"40_25","Cimarron County",30000
"40_27","Cleveland County",0
"40_31","Comanche County",0
"40_35","Craig County",5000
"40_37","Creek County",0
"40_39","Custer County",0
"40_41","Delaware County",0
"40_43","Dewey County",0
"40_45","Ellis County",0
"40_47","Garfield County",20000
"40_49","Garvin County",0
"40_51","Grady County",0
"40_53","Grant County",15000
"40_55","Greer County",0
"40_57","Harmon County",0
"40_59","Harper County",0
"40_61","Haskell County",0
"40_63","Hughes County",0
"40_71","Kay County",35000
"40_73","Kingfisher County",0
"40_79","Le Flore County",0
"40_81","Lincoln County",0
"40_83","Logan County",0
"40_85","Love County",0
"40_87","McClain County",0
"40_89","McCurtain County",10000
"40_91","McIntosh County",0
"40_93","Major County",5000
"40_95","Marshall County",0
"40_97","Mayes County",0
"40_101","Muskogee County",5000
"40_103","Noble County",10000
"40_105","Nowata County",0
"40_107","Okfuskee County",0
"40_109","Oklahoma County",0
"40_111","Okmulgee County",0
"40_113","Osage County",0
"40_115","Ottawa County",10000
"40_117","Pawnee County",0
"40_119","Payne County",0
"40_121","Pittsburg County",0
"40_123","Pontotoc County",0
"40_125","Pottawatomie County",0
"40_131","Rogers County",0
"40_135","Sequoyah County",5000
"40_137","Stephens County",0
"40_139","Texas County",1e+05
"40_141","Tillman County",0
"40_143","Tulsa County",0
"40_145","Wagoner County",0
"40_147","Washington County",0
"40_149","Washita County",0
"40_151","Woods County",0
"40_153","Woodward County",0
"41_1","Baker County",0
"41_3","Benton County",0
"41_5","Clackamas County",0
"41_9","Columbia County",0
"41_11","Coos County",0
"41_13","Crook County",0
"41_17","Deschutes County",0
"41_21","Gilliam County",0
"41_23","Grant County",0
"41_27","Hood River County",0
"41_29","Jackson County",0
"41_31","Jefferson County",0
"41_33","Josephine County",0
"41_35","Klamath County",0
"41_39","Lane County",0
"41_43","Linn County",0
"41_45","Malheur County",30000
"41_47","Marion County",5000
"41_49","Morrow County",15000
"41_51","Multnomah County",0
"41_53","Polk County",0
"41_59","Umatilla County",10000
"41_61","Union County",0
"41_67","Washington County",0
"41_71","Yamhill County",0
"42_1","Adams County",20000
"42_3","Allegheny County",0
"42_5","Armstrong County",10000
"42_7","Beaver County",0
"42_9","Bedford County",20000
"42_11","Berks County",40000
"42_13","Blair County",15000
"42_15","Bradford County",20000
"42_17","Bucks County",10000
"42_19","Butler County",15000
"42_21","Cambria County",10000
"42_23","Cameron County",0
"42_25","Carbon County",0
"42_27","Centre County",20000
"42_29","Chester County",20000
"42_31","Clarion County",10000
"42_33","Clearfield County",0
"42_35","Clinton County",5000
"42_37","Columbia County",15000
"42_39","Crawford County",25000
"42_41","Cumberland County",25000
"42_43","Dauphin County",15000
"42_45","Delaware County",0
"42_47","Elk County",0
"42_49","Erie County",15000
"42_51","Fayette County",5000
"42_53","Forest County",0
"42_55","Franklin County",45000
"42_57","Fulton County",10000
"42_59","Greene County",0
"42_61","Huntingdon County",20000
"42_63","Indiana County",20000
"42_65","Jefferson County",5000
"42_67","Juniata County",10000
"42_69","Lackawanna County",0
"42_71","Lancaster County",55000
"42_73","Lawrence County",10000
"42_75","Lebanon County",15000
"42_77","Lehigh County",15000
"42_79","Luzerne County",5000
"42_81","Lycoming County",15000
"42_83","Mc Kean County",0
"42_85","Mercer County",25000
"42_87","Mifflin County",10000
"42_89","Monroe County",0
"42_91","Montgomery County",5000
"42_93","Montour County",5000
"42_95","Northampton County",20000
"42_97","Northumberland County",25000
"42_99","Perry County",15000
"42_103","Pike County",0
"42_105","Potter County",0
"42_107","Schuylkill County",15000
"42_109","Snyder County",10000
"42_111","Somerset County",15000
"42_113","Sullivan County",0
"42_115","Susquehanna County",0
"42_117","Tioga County",5000
"42_119","Union County",5000
"42_121","Venango County",5000
"42_123","Warren County",0
"42_125","Washington County",0
"42_127","Wayne County",0
"42_129","Westmoreland County",10000
"42_131","Wyoming County",0
"42_133","York County",65000
"44_1","Bristol County",0
"44_3","Kent County",0
"44_5","Newport County",0
"44_7","Providence County",0
"44_9","Washington County",0
"45_3","Aiken County",0
"45_5","Allendale County",10000
"45_7","Anderson County",0
"45_9","Bamberg County",5000
"45_11","Barnwell County",0
"45_13","Beaufort County",0
"45_15","Berkeley County",0
"45_17","Calhoun County",5000
"45_19","Charleston County",0
"45_21","Cherokee County",0
"45_23","Chester County",0
"45_25","Chesterfield County",5000
"45_27","Clarendon County",30000
"45_29","Colleton County",5000
"45_31","Darlington County",20000
"45_33","Dillon County",15000
"45_35","Dorchester County",5000
"45_37","Edgefield County",0
"45_39","Fairfield County",0
"45_41","Florence County",20000
"45_43","Georgetown County",0
"45_45","Greenville County",0
"45_47","Greenwood County",0
"45_49","Hampton County",5000
"45_51","Horry County",25000
"45_53","Jasper County",0
"45_55","Kershaw County",0
"45_57","Lancaster County",0
"45_59","Laurens County",0
"45_61","Lee County",25000
"45_63","Lexington County",0
"45_67","Marion County",10000
"45_69","Marlboro County",5000
"45_71","Newberry County",0
"45_73","Oconee County",0
"45_75","Orangeburg County",25000
"45_77","Pickens County",0
"45_79","Richland County",0
"45_81","Saluda County",0
"45_83","Spartanburg County",0
"45_85","Sumter County",30000
"45_89","Williamsburg County",20000
"45_91","York County",0
"46_3","Aurora County",65000
"46_5","Beadle County",175000
"46_7","Bennett County",15000
"46_9","Bon Homme County",1e+05
"46_11","Brookings County",125000
"46_13","Brown County",270000
"46_15","Brule County",75000
"46_17","Buffalo County",20000
"46_19","Butte County",5000
"46_21","Campbell County",50000
"46_23","Charles Mix County",130000
"46_25","Clark County",115000
"46_27","Clay County",85000
"46_29","Codington County",85000
"46_31","Corson County",25000
"46_33","Custer County",0
"46_35","Davison County",65000
"46_37","Day County",95000
"46_39","Deuel County",95000
"46_41","Dewey County",20000
"46_43","Douglas County",70000
"46_45","Edmunds County",135000
"46_47","Fall River County",0
"46_49","Faulk County",90000
"46_51","Grant County",95000
"46_53","Gregory County",65000
"46_55","Haakon County",15000
"46_57","Hamlin County",1e+05
"46_59","Hand County",140000
"46_61","Hanson County",70000
"46_63","Harding County",0
"46_65","Hughes County",50000
"46_67","Hutchinson County",145000
"46_69","Hyde County",55000
"46_71","Jackson County",0
"46_73","Jerauld County",55000
"46_75","Jones County",15000
"46_77","Kingsbury County",130000
"46_79","Lake County",110000
"46_81","Lawrence County",0
"46_83","Lincoln County",140000
"46_85","Lyman County",45000
"46_87","McCook County",115000
"46_89","McPherson County",60000
"46_91","Marshall County",90000
"46_93","Meade County",5000
"46_95","Mellette County",5000
"46_97","Miner County",65000
"46_99","Minnehaha County",160000
"46_101","Moody County",130000
"46_103","Pennington County",10000
"46_105","Perkins County",10000
"46_107","Potter County",85000
"46_109","Roberts County",130000
"46_111","Sanborn County",50000
"46_113","Shannon County",0
"46_115","Spink County",220000
"46_117","Stanley County",5000
"46_119","Sully County",1e+05
"46_121","Todd County",10000
"46_123","Tripp County",95000
"46_125","Turner County",150000
"46_127","Union County",120000
"46_129","Walworth County",50000
"46_135","Yankton County",95000
"46_137","Ziebach County",10000
"47_1","Anderson County",0
"47_3","Bedford County",5000
"47_5","Benton County",0
"47_7","Bledsoe County",0
"47_9","Blount County",0
"47_11","Bradley County",0
"47_13","Campbell County",0
"47_15","Cannon County",5000
"47_17","Carroll County",30000
"47_19","Carter County",0
"47_21","Cheatham County",0
"47_23","Chester County",0
"47_25","Claiborne County",0
"47_27","Clay County",0
"47_29","Cocke County",0
"47_31","Coffee County",15000
"47_33","Crockett County",15000
"47_35","Cumberland County",0
"47_37","Davidson County",0
"47_39","Decatur County",0
"47_41","DeKalb County",0
"47_43","Dickson County",0
"47_45","Dyer County",25000
"47_47","Fayette County",10000
"47_49","Fentress County",0
"47_51","Franklin County",15000
"47_53","Gibson County",65000
"47_55","Giles County",10000
"47_57","Grainger County",0
"47_59","Greene County",5000
"47_61","Grundy County",0
"47_63","Hamblen County",0
"47_65","Hamilton County",0
"47_67","Hancock County",0
"47_69","Hardeman County",10000
"47_71","Hardin County",5000
"47_73","Hawkins County",0
"47_75","Haywood County",15000
"47_77","Henderson County",10000
"47_79","Henry County",35000
"47_81","Hickman County",0
"47_83","Houston County",0
"47_85","Humphreys County",5000
"47_87","Jackson County",0
"47_89","Jefferson County",0
"47_91","Johnson County",0
"47_93","Knox County",0
"47_95","Lake County",5000
"47_97","Lauderdale County",15000
"47_99","Lawrence County",20000
"47_101","Lewis County",0
"47_103","Lincoln County",10000
"47_105","Loudon County",0
"47_107","McMinn County",0
"47_109","McNairy County",5000
"47_111","Macon County",0
"47_113","Madison County",15000
"47_115","Marion County",0
"47_117","Marshall County",5000
"47_119","Maury County",5000
"47_121","Meigs County",0
"47_123","Monroe County",0
"47_125","Montgomery County",15000
"47_127","Moore County",0
"47_129","Morgan County",0
"47_131","Obion County",60000
"47_133","Overton County",0
"47_135","Perry County",0
"47_137","Pickett County",0
"47_139","Polk County",0
"47_141","Putnam County",0
"47_143","Rhea County",0
"47_145","Roane County",0
"47_147","Robertson County",30000
"47_149","Rutherford County",5000
"47_151","Scott County",0
"47_153","Sequatchie County",0
"47_155","Sevier County",0
"47_157","Shelby County",5000
"47_159","Smith County",0
"47_161","Stewart County",0
"47_163","Sullivan County",0
"47_165","Sumner County",5000
"47_167","Tipton County",25000
"47_169","Trousdale County",0
"47_171","Unicoi County",0
"47_173","Union County",0
"47_175","Van Buren County",0
"47_177","Warren County",5000
"47_179","Washington County",0
"47_181","Wayne County",0
"47_183","Weakley County",60000
"47_185","White County",0
"47_187","Williamson County",0
"47_189","Wilson County",0
"48_11","Armstrong County",0
"48_13","Atascosa County",0
"48_15","Austin County",0
"48_17","Bailey County",10000
"48_21","Bastrop County",0
"48_25","Bee County",15000
"48_27","Bell County",50000
"48_29","Bexar County",5000
"48_35","Bosque County",0
"48_37","Bowie County",5000
"48_39","Brazoria County",10000
"48_41","Brazos County",0
"48_45","Briscoe County",0
"48_47","Brooks County",0
"48_49","Brown County",0
"48_51","Burleson County",5000
"48_55","Caldwell County",0
"48_57","Calhoun County",15000
"48_61","Cameron County",15000
"48_63","Camp County",0
"48_65","Carson County",15000
"48_67","Cass County",0
"48_69","Castro County",120000
"48_73","Cherokee County",0
"48_77","Clay County",0
"48_79","Cochran County",0
"48_83","Coleman County",0
"48_85","Collin County",20000
"48_89","Colorado County",10000
"48_93","Comanche County",0
"48_95","Concho County",0
"48_97","Cooke County",0
"48_99","Coryell County",5000
"48_107","Crosby County",0
"48_111","Dallam County",110000
"48_113","Dallas County",0
"48_117","Deaf Smith County",45000
"48_119","Delta County",0
"48_121","Denton County",0
"48_123","DeWitt County",5000
"48_129","Donley County",0
"48_131","Duval County",0
"48_139","Ellis County",15000
"48_141","El Paso County",0
"48_143","Erath County",0
"48_145","Falls County",45000
"48_147","Fannin County",5000
"48_149","Fayette County",5000
"48_151","Fisher County",0
"48_153","Floyd County",5000
"48_157","Fort Bend County",10000
"48_159","Franklin County",0
"48_163","Frio County",5000
"48_165","Gaines County",0
"48_171","Gillespie County",0
"48_173","Glasscock County",0
"48_175","Goliad County",0
"48_177","Gonzales County",0
"48_179","Gray County",5000
"48_181","Grayson County",10000
"48_185","Grimes County",0
"48_187","Guadalupe County",15000
"48_189","Hale County",30000
"48_193","Hamilton County",0
"48_195","Hansford County",65000
"48_201","Harris County",0
"48_205","Hartley County",140000
"48_209","Hays County",0
"48_211","Hemphill County",0
"48_215","Hidalgo County",25000
"48_217","Hill County",45000
"48_219","Hockley County",0
"48_223","Hopkins County",0
"48_225","Houston County",0
"48_231","Hunt County",0
"48_233","Hutchinson County",10000
"48_239","Jackson County",65000
"48_249","Jim Wells County",10000
"48_251","Johnson County",0
"48_253","Jones County",0
"48_255","Karnes County",5000
"48_257","Kaufman County",0
"48_273","Kleberg County",0
"48_277","Lamar County",15000
"48_279","Lamb County",55000
"48_281","Lampasas County",0
"48_283","La Salle County",0
"48_285","Lavaca County",0
"48_287","Lee County",0
"48_289","Leon County",0
"48_291","Liberty County",0
"48_293","Limestone County",5000
"48_295","Lipscomb County",5000
"48_297","Live Oak County",5000
"48_303","Lubbock County",0
"48_305","Lynn County",0
"48_309","McLennan County",45000
"48_321","Matagorda County",15000
"48_325","Medina County",20000
"48_331","Milam County",20000
"48_335","Mitchell County",0
"48_339","Montgomery County",0
"48_341","Moore County",60000
"48_349","Navarro County",5000
"48_353","Nolan County",0
"48_355","Nueces County",10000
"48_357","Ochiltree County",20000
"48_359","Oldham County",0
"48_369","Parmer County",70000
"48_371","Pecos County",0
"48_375","Potter County",0
"48_381","Randall County",0
"48_383","Reagan County",0
"48_387","Red River County",0
"48_389","Reeves County",0
"48_391","Refugio County",0
"48_393","Roberts County",0
"48_395","Robertson County",0
"48_397","Rockwall County",0
"48_401","Rusk County",0
"48_409","San Patricio County",15000
"48_415","Scurry County",0
"48_421","Sherman County",85000
"48_427","Starr County",5000
"48_437","Swisher County",10000
"48_439","Tarrant County",0
"48_449","Titus County",0
"48_451","Tom Green County",0
"48_453","Travis County",0
"48_463","Uvalde County",20000
"48_469","Victoria County",35000
"48_471","Walker County",0
"48_473","Waller County",5000
"48_477","Washington County",0
"48_481","Wharton County",65000
"48_483","Wheeler County",0
"48_487","Wilbarger County",0
"48_489","Willacy County",0
"48_491","Williamson County",60000
"48_493","Wilson County",5000
"48_497","Wise County",0
"48_499","Wood County",0
"48_507","Zavala County",0
"49_1","Beaver County",0
"49_3","Box Elder County",10000
"49_5","Cache County",5000
"49_7","Carbon County",0
"49_11","Davis County",0
"49_13","Duchesne County",0
"49_15","Emery County",0
"49_21","Iron County",0
"49_23","Juab County",0
"49_27","Millard County",10000
"49_29","Morgan County",0
"49_31","Piute County",0
"49_35","Salt Lake County",0
"49_39","Sanpete County",0
"49_41","Sevier County",0
"49_47","Uintah County",0
"49_49","Utah County",0
"49_53","Washington County",0
"49_55","Wayne County",0
"49_57","Weber County",0
"50_1","Addison County",20000
"50_3","Bennington County",0
"50_5","Caledonia County",0
"50_7","Chittenden County",0
"50_9","Essex County",0
"50_11","Franklin County",20000
"50_13","Grand Isle County",0
"50_15","Lamoille County",0
"50_17","Orange County",0
"50_19","Orleans County",5000
"50_21","Rutland County",0
"50_23","Washington County",0
"50_25","Windham County",0
"50_27","Windsor County",0
"51_1","Accomack County",20000
"51_3","Albemarle County",0
"51_5","Alleghany County",0
"51_7","Amelia County",5000
"51_9","Amherst County",0
"51_11","Appomattox County",0
"51_15","Augusta County",15000
"51_17","Bath County",0
"51_19","Bedford County",0
"51_21","Bland County",0
"51_23","Botetourt County",0
"51_25","Brunswick County",0
"51_29","Buckingham County",0
"51_31","Campbell County",0
"51_33","Caroline County",10000
"51_35","Carroll County",0
"51_36","Charles City County",5000
"51_37","Charlotte County",0
"51_41","Chesterfield County",0
"51_43","Clarke County",0
"51_45","Craig County",0
"51_47","Culpeper County",5000
"51_49","Cumberland County",0
"51_53","Dinwiddie County",0
"51_57","Essex County",15000
"51_61","Fauquier County",10000
"51_63","Floyd County",0
"51_65","Fluvanna County",0
"51_67","Franklin County",10000
"51_69","Frederick County",0
"51_73","Gloucester County",5000
"51_75","Goochland County",0
"51_77","Grayson County",0
"51_79","Greene County",0
"51_81","Greensville County",0
"51_83","Halifax County",0
"51_85","Hanover County",10000
"51_87","Henrico County",0
"51_89","Henry County",0
"51_91","Highland County",0
"51_93","Isle of Wight County",5000
"51_95","James City County",0
"51_97","King and Queen County",10000
"51_99","King George County",0
"51_101","King William County",10000
"51_103","Lancaster County",5000
"51_105","Lee County",0
"51_107","Loudoun County",0
"51_109","Louisa County",0
"51_111","Lunenburg County",0
"51_113","Madison County",5000
"51_115","Mathews County",0
"51_117","Mecklenburg County",0
"51_119","Middlesex County",5000
"51_121","Montgomery County",0
"51_125","Nelson County",0
"51_127","New Kent County",0
"51_131","Northampton County",5000
"51_133","Northumberland County",10000
"51_135","Nottoway County",0
"51_137","Orange County",5000
"51_139","Page County",0
"51_141","Patrick County",0
"51_143","Pittsylvania County",5000
"51_145","Powhatan County",0
"51_147","Prince Edward County",0
"51_149","Prince George County",0
"51_153","Prince William County",0
"51_155","Pulaski County",0
"51_157","Rappahannock County",0
"51_159","Richmond County",10000
"51_161","Roanoke County",0
"51_163","Rockbridge County",0
"51_165","Rockingham County",15000
"51_167","Russell County",0
"51_169","Scott County",0
"51_171","Shenandoah County",10000
"51_173","Smyth County",0
"51_175","Southampton County",5000
"51_177","Spotsylvania County",0
"51_179","Stafford County",0
"51_181","Surry County",5000
"51_183","Sussex County",5000
"51_185","Tazewell County",0
"51_187","Warren County",0
"51_191","Washington County",0
"51_193","Westmoreland County",10000
"51_195","Wise County",0
"51_197","Wythe County",0
"51_199","York County",0
"53_1","Adams County",15000
"53_3","Asotin County",0
"53_5","Benton County",5000
"53_9","Clallam County",0
"53_11","Clark County",0
"53_13","Columbia County",0
"53_15","Cowlitz County",0
"53_17","Douglas County",0
"53_21","Franklin County",30000
"53_25","Grant County",70000
"53_27","Grays Harbor County",0
"53_29","Island County",0
"53_33","King County",0
"53_37","Kittitas County",0
"53_39","Klickitat County",0
"53_41","Lewis County",0
"53_43","Lincoln County",0
"53_47","Okanogan County",0
"53_57","Skagit County",5000
"53_61","Snohomish County",5000
"53_63","Spokane County",0
"53_65","Stevens County",0
"53_67","Thurston County",0
"53_69","Wahkiakum County",0
"53_71","Walla Walla County",5000
"53_73","Whatcom County",15000
"53_75","Whitman County",0
"53_77","Yakima County",35000
"54_1","Barbour County",0
"54_3","Berkeley County",5000
"54_7","Braxton County",0
"54_9","Brooke County",0
"54_19","Fayette County",0
"54_21","Gilmer County",0
"54_23","Grant County",0
"54_25","Greenbrier County",0
"54_27","Hampshire County",0
"54_29","Hancock County",0
"54_31","Hardy County",5000
"54_33","Harrison County",0
"54_35","Jackson County",0
"54_37","Jefferson County",10000
"54_39","Kanawha County",0
"54_41","Lewis County",0
"54_43","Lincoln County",0
"54_51","Marshall County",0
"54_53","Mason County",0
"54_55","Mercer County",0
"54_57","Mineral County",0
"54_61","Monongalia County",0
"54_63","Monroe County",0
"54_65","Morgan County",0
"54_69","Ohio County",0
"54_71","Pendleton County",0
"54_73","Pleasants County",0
"54_75","Pocahontas County",0
"54_77","Preston County",0
"54_79","Putnam County",0
"54_81","Raleigh County",0
"54_83","Randolph County",0
"54_89","Summers County",0
"54_93","Tucker County",0
"54_95","Tyler County",0
"54_97","Upshur County",0
"54_99","Wayne County",0
"54_105","Wirt County",0
"54_107","Wood County",0
"55_1","Adams County",30000
"55_3","Ashland County",0
"55_5","Barron County",90000
"55_7","Bayfield County",0
"55_9","Brown County",60000
"55_11","Buffalo County",65000
"55_13","Burnett County",15000
"55_15","Calumet County",45000
"55_17","Chippewa County",95000
"55_19","Clark County",80000
"55_21","Columbia County",120000
"55_23","Crawford County",35000
"55_25","Dane County",190000
"55_27","Dodge County",145000
"55_29","Door County",20000
"55_31","Douglas County",0
"55_33","Dunn County",1e+05
"55_35","Eau Claire County",45000
"55_37","Florence County",0
"55_39","Fond du Lac County",105000
"55_41","Forest County",0
"55_43","Grant County",165000
"55_45","Green County",110000
"55_47","Green Lake County",55000
"55_49","Iowa County",80000
"55_51","Iron County",0
"55_53","Jackson County",45000
"55_55","Jefferson County",80000
"55_57","Juneau County",40000
"55_59","Kenosha County",30000
"55_61","Kewaunee County",45000
"55_63","La Crosse County",30000
"55_65","Lafayette County",135000
"55_67","Langlade County",15000
"55_69","Lincoln County",5000
"55_71","Manitowoc County",65000
"55_73","Marathon County",95000
"55_75","Marinette County",35000
"55_77","Marquette County",35000
"55_79","Milwaukee County",0
"55_81","Monroe County",55000
"55_83","Oconto County",55000
"55_85","Oneida County",0
"55_87","Outagamie County",80000
"55_89","Ozaukee County",15000
"55_91","Pepin County",30000
"55_93","Pierce County",80000
"55_95","Polk County",65000
"55_97","Portage County",70000
"55_99","Price County",0
"55_101","Racine County",35000
"55_103","Richland County",40000
"55_105","Rock County",155000
"55_107","Rusk County",20000
"55_109","St. Croix County",90000
"55_111","Sauk County",85000
"55_113","Sawyer County",5000
"55_115","Shawano County",75000
"55_117","Sheboygan County",50000
"55_119","Taylor County",45000
"55_121","Trempealeau County",85000
"55_123","Vernon County",65000
"55_127","Walworth County",1e+05
"55_129","Washburn County",10000
"55_131","Washington County",30000
"55_133","Waukesha County",25000
"55_135","Waupaca County",60000
"55_137","Waushara County",20000
"55_139","Winnebago County",50000
"55_141","Wood County",40000
"56_3","Big Horn County",5000
"56_5","Campbell County",0
"56_9","Converse County",0
"56_11","Crook County",0
"56_13","Fremont County",0
"56_15","Goshen County",40000
"56_17","Hot Springs County",0
"56_19","Johnson County",0
"56_21","Laramie County",10000
"56_25","Natrona County",0
"56_27","Niobrara County",0
"56_29","Park County",0
"56_31","Platte County",10000
"56_33","Sheridan County",0
"56_37","Sweetwater County",0
"56_43","Washakie County",0
"56_45","Weston County",0
